Gene	HazardRatio	ci_lower	ci_upper	pValue_survival	Regulation	logFC	FDR_exp			
PPP1R17	2.368641633	1.344238107	4.17371235	0.002849903	DOWN	-4.025218707	2.21622514351231e-62			
PLA2G1B	2.241877511	1.287883315	3.902538931	0.004310037	UP	1.583881852	1.04688256139227e-13			
BPIFB1	2.072359483	1.187576749	3.616333705	0.010313345	DOWN	-6.001812069	2.15661039674459e-113			Significant Survival associated genes
ENSG00000279353	2.049047021	1.178412367	3.562923993	0.01103472	DOWN	-2.157267128	2.10827339829182e-22			
TPSB2	2.024050409	1.156039466	3.5438064	0.013611227	DOWN	-1.540824812	2.61125432612649e-12			
ENSG00000251635	1.98029575	1.138960782	3.443113512	0.015477081	DOWN	-3.323361934	1.44582708752785e-42			
EPS8L3	1.97813245	1.13513649	3.447169591	0.016072502	DOWN	-2.741476633	1.03564878798119e-30			
A4GNT	1.959281034	1.120718034	3.425288122	0.018282613	DOWN	-2.150400753	7.61553126989499e-21			
TUFMP1	1.819331563	1.052027114	3.146275692	0.032238034	UP	1.915341723	3.83710477974364e-19			
RHEX	1.808996459	1.037721301	3.153513557	0.036568494	DOWN	-2.020220935	6.65544230684377e-20			
CPA3	1.804116267	1.037177216	3.138167186	0.036689194	DOWN	-1.983112891	2.31729805598496e-19			
TPSAB1	1.78988459	1.030474215	3.10894421	0.038778831	DOWN	-1.659199174	4.53500185251742e-14			
TACR2	1.784405224	1.030469709	3.089952061	0.038724292	DOWN	-1.684640134	1.86951981622912e-14			
CMA1	1.781438073	1.024619145	3.097269479	0.040741836	DOWN	-2.611009678	2.82646215046198e-31			
CX3CR1	1.745415668	1.007047536	3.025155959	0.047145399	DOWN	-2.110516176	1.36977535053547e-21			
C2CD4A	1.73681138	1.000748783	3.014256745	0.04968976	UP	2.144528182	9.08691361680783e-26			
MMP13	1.721403866	0.998054254	2.969008204	0.050824231	UP	1.514948151	2.03815936187166e-13			
LOC102724434	1.699828236	0.977845555	2.954879751	0.060033084	UP	1.519595155	1.12813526762454e-12			
ENSG00000287666	1.683710415	0.971246958	2.918805292	0.063449066	DOWN	-1.560674324	3.30091407748855e-12			
UPK3B	1.682014588	0.974723591	2.902538831	0.061762774	DOWN	-1.741327753	4.53886478931416e-15			
HCRTR1	1.65879176	0.951293438	2.892472494	0.074431389	DOWN	-1.501422687	1.99921581383578e-11			
SMTNL1	1.648166885	0.952904085	2.85071092	0.073873466	DOWN	-1.558344172	2.12350958096657e-12			
KLHL32	1.642968833	0.95209508	2.835164935	0.074486306	DOWN	-1.581835743	1.33569585225998e-12			
PGR	1.639668267	0.951157765	2.82656792	0.075118945	DOWN	-2.624934678	1.3696629864049e-31			
CHI3L1	1.628174877	0.926821838	2.86026216	0.089957795	DOWN	-1.689998382	1.52177740106289e-14			
ENSG00000211673	1.620643666	0.936029617	2.805985884	0.084721504	DOWN	-2.052681856	1.37784111903196e-20			
ENSG00000272180	1.613458829	0.93518631	2.783669272	0.085586645	DOWN	-2.033564064	4.08140966346318e-19			
SLC35F1	1.61320759	0.937265301	2.776629761	0.084326984	DOWN	-1.642656341	8.56126383354778e-14			
ADPRHL1	1.613122199	0.932506667	2.790503619	0.087254869	UP	1.916003459	5.46584389675276e-21			
GHRL	1.609984466	0.92573451	2.799992821	0.091669361	DOWN	-1.780344188	8.79559404118198e-16			
LY6K	1.594789917	0.921939236	2.758701204	0.095061147	UP	1.610668013	4.90823258386547e-15			
ATP10B	1.589506158	0.921791334	2.740891278	0.09551007	DOWN	-3.15542421	9.5375857405632e-42			
ITIH2	1.585948075	0.9170269	2.742810812	0.098931941	DOWN	-3.312223365	1.97592892028431e-46			
VSIG10L2	1.568203239	0.908154762	2.707976109	0.106461435	DOWN	-2.121927539	1.78582311420753e-19			
NHIP	1.565341782	0.898253867	2.7278423	0.113808061	DOWN	-1.614889272	2.60686234216683e-13			
TAFA1	1.56157642	0.90447605	2.696059133	0.109681755	DOWN	-1.649980716	1.37459388691293e-13			
GPR37L1	1.55788358	0.903243599	2.686984166	0.110922908	DOWN	-3.259834526	1.44630170238647e-44			
ENSG00000287430	1.552093634	0.901446782	2.672364799	0.112805258	DOWN	-2.210904999	2.38638549366932e-23			
KRT34	1.551739388	0.892306632	2.698506369	0.119625104	UP	2.401049431	5.2262719398925e-32			
FAM83B	1.544571996	0.889969851	2.680655584	0.122211542	UP	2.271098495	1.70844893550774e-28			
ENSG00000248371	1.542072966	0.894816861	2.657514779	0.118819396	UP	1.986568505	9.58694729601616e-21			
BTNL8	1.537306378	0.889005599	2.658375723	0.1238213	DOWN	-2.018688571	1.01805043327202e-19			
MUC6	1.535707841	0.889115715	2.652521527	0.123931876	DOWN	-4.171251555	2.19894644374952e-67			
SLITRK1	1.525208915	0.880063949	2.643287723	0.132429436	UP	2.138543011	1.23035703083731e-25			
BRS3	1.49452551	0.866705163	2.577123796	0.148354546	DOWN	-1.501335402	1.36727682279372e-11			
IGFL2-AS1	1.493524932	0.866045535	2.575634458	0.149100419	UP	2.815153516	2.0106201296266e-42			
LOC105369187	1.488011738	0.862571895	2.566950006	0.153126554	UP	2.50277079	2.37083804032901e-34			
ST6GALNAC2	1.480381336	0.859276247	2.550435798	0.157509061	DOWN	-2.067121524	9.57167412555049e-21			
CASQ1	1.479243488	0.85969109	2.545287861	0.15736723	DOWN	-1.659881833	4.52103982542693e-14			
ENSG00000255583	1.472098991	0.853305803	2.539623465	0.164588402	UP	2.157754285	4.47267542697119e-24			
ALDH3A1	1.470203389	0.852889598	2.534323328	0.165377854	DOWN	-1.816409663	1.62888847814215e-16			
CTSE	1.46745782	0.851948685	2.527655115	0.166841324	DOWN	-4.524642726	1.01427325084138e-75			
SHC4	1.462647916	0.850936746	2.514098653	0.168855395	DOWN	-2.227832072	9.9053936238486e-24			
DHH	1.459798886	0.848261424	2.512212307	0.171997901	DOWN	-2.560997628	3.20459459343026e-30			
ZNF750	1.453785234	0.843819486	2.504672555	0.177619319	DOWN	-1.636554084	1.99554750659248e-13			
SERPINB7	1.451374593	0.843111743	2.498468592	0.178893586	UP	2.919435761	5.55599923554195e-46			
CRB3	1.451018393	0.83894123	2.509656579	0.182949724	DOWN	-1.75111524	9.50112541494964e-15			
LOC442497	1.449388785	0.839002642	2.503839374	0.183315874	DOWN	-1.857753991	1.03174187689323e-15			
ITGB4	1.4481353	0.836206798	2.507867492	0.186322979	DOWN	-1.851451884	3.8891891963721e-17			
KRTAP1-5	1.442936714	0.834544958	2.494852243	0.189337787	UP	2.034163583	2.89546462705732e-22			
ENSG00000286616	1.441501339	0.82049158	2.532538006	0.20342927	DOWN	-2.14938793	2.29303787219371e-21			
ZSCAN10	1.431581005	0.828061079	2.474967397	0.198968293	UP	2.150528586	7.12588117360503e-24			
ARFGEF3	1.430584631	0.82988709	2.466085342	0.197457634	UP	1.538630345	8.3511727960577e-14			
MEOX1	1.423693191	0.826572772	2.452176469	0.202882255	DOWN	-1.533934726	3.29276572855098e-12			
NLRP11	1.423308834	0.825193207	2.454949968	0.2043909	UP	1.789410752	4.60443925797255e-18			
MPZ	1.420773773	0.824402748	2.448558208	0.205999174	DOWN	-4.005698453	2.1475415317009e-63			
MMP3	1.418830927	0.821558185	2.450320911	0.209514355	UP	1.884451216	2.42436786935278e-20			
ENSG00000220666	1.413929593	0.818873332	2.44139944	0.213899376	DOWN	-1.818784441	1.67609936508443e-14			
SCNN1G	1.412819495	0.820638467	2.432324349	0.212469339	DOWN	-1.651670937	7.42381390166015e-13			
CTSG	1.406192079	0.817973519	2.417408529	0.217527227	DOWN	-2.070254903	6.80453799119655e-21			
AMPD1	1.399757157	0.811206653	2.415315617	0.22695437	DOWN	-2.835397429	1.01898592496712e-35			
NPR3	1.398265128	0.804756115	2.429488055	0.23430993	UP	1.805674951	9.37586655308522e-19			
CA3	1.398235735	0.813845515	2.402253418	0.224754726	DOWN	-1.684784443	1.84829090405061e-14			
PAPPA2	1.397732116	0.809779681	2.412576053	0.229227746	DOWN	-2.628196224	1.18050039180355e-31			
ENSG00000265179	1.391738802	0.809428591	2.392968219	0.231937917	DOWN	-2.536100903	4.61143010551105e-29			
PRIMA1	1.389902067	0.806445665	2.395484086	0.235851726	DOWN	-2.048572773	1.62681396664459e-20			
TNR	1.384346026	0.804928805	2.380848976	0.23976205	DOWN	-2.81608676	1.43486995702075e-35			
PVALB	1.381356569	0.802136997	2.378828027	0.244040233	UP	2.14525542	7.17377724122226e-26			
LOC105375754	1.379181158	0.800060956	2.377494679	0.247230405	DOWN	-1.970664327	4.09514523957251e-18			
SP7	1.37469912	0.799642023	2.3633046	0.249666048	UP	1.747598969	1.82263915045611e-17			
MROH2B	1.359515762	0.788409809	2.344317748	0.269251692	DOWN	-2.452443202	2.21059780414822e-27			
CAPN8	1.35523218	0.787508246	2.332234957	0.272428348	DOWN	-1.581951341	1.23077055024425e-12			
EVPL	1.353239972	0.786274373	2.329032315	0.274841396	DOWN	-1.535828504	3.36002372930165e-12			
CALCA	1.348131962	0.780047994	2.329933289	0.284568192	DOWN	-1.790258826	3.9763877677004e-16			
TNNT2	1.347698531	0.784138367	2.316289327	0.280178009	DOWN	-2.631814603	1.22305966778627e-30			
FBXO40	1.346819137	0.781761204	2.320301619	0.283344819	DOWN	-2.057596868	1.34987965312023e-20			
PCK1	1.344480423	0.779898242	2.317773664	0.286738118	DOWN	-1.648413317	8.28088046464957e-14			
TRARG1	1.342010327	0.781118457	2.305657612	0.28672118	DOWN	-3.230628945	1.17695190694135e-44			
LY6H	1.338679108	0.776462704	2.307981754	0.293917044	UP	1.670298503	3.77301157758918e-16			
PPY	1.337824342	0.778101226	2.300181404	0.292534908	UP	2.784460594	2.12178591378564e-41			
LOC101927401	1.330607277	0.773240423	2.289735085	0.302361452	DOWN	-1.76707096	1.48442432369238e-15			
ELAPOR1	1.329409386	0.766958193	2.304335922	0.310312754	DOWN	-1.813535412	1.74477479544202e-16			
OLFM4	1.327611258	0.767931098	2.295195046	0.310307006	DOWN	-3.25370937	2.65069353193847e-45			
ENSG00000286523	1.322827077	0.769138224	2.275106633	0.311909771	DOWN	-2.168969555	6.76209016619023e-21			
SRL	1.313321015	0.765062442	2.254472309	0.322850626	DOWN	-1.536192928	3.13064872310964e-12			
CCDC63	1.310639675	0.756590896	2.270416373	0.334560271	UP	3.27512223	2.13003100419647e-54			
TDRD5	1.306859563	0.759198024	2.249586883	0.334149505	DOWN	-1.620146239	1.10887111376105e-12			
MYOT	1.301813059	0.756032662	2.241592626	0.341459194	DOWN	-1.985069011	3.80335918353689e-19			
NLRP10	1.297678065	0.75418368	2.232835855	0.346663462	UP	2.18739167	4.09594668582921e-26			
HPGD	1.293458788	0.753689889	2.219793128	0.350409221	DOWN	-2.152860711	2.20348755946893e-22			
SERPINB2	1.29212859	0.751668314	2.221187539	0.353813682	UP	1.771256019	4.92838074130283e-18			
KLF17P2	1.287449222	0.745202634	2.224261461	0.365087062	UP	1.532573382	1.4168119222515e-13			
ACTN2	1.28668827	0.747384974	2.215145825	0.363116673	DOWN	-1.612764172	2.27085209906444e-13			
FOXB1	1.286106083	0.74578638	2.217885578	0.365467278	DOWN	-2.33666702	1.97219374024874e-25			
STON1-GTF2A1L	1.283739602	0.74733787	2.205143658	0.365528208	DOWN	-1.696214021	2.84122833960504e-14			
ALOX15	1.282684341	0.743013833	2.214331748	0.371495584	DOWN	-4.027753323	9.36216428958225e-64			
ACE2	1.276933869	0.741362538	2.1994099	0.378205798	DOWN	-1.658850665	1.8489064356529e-13			
LCMT1-AS2	1.275706448	0.742004658	2.193283995	0.378479994	DOWN	-3.193778206	6.19086229351031e-44			
S100P	1.272003835	0.73595305	2.198501326	0.388804893	DOWN	-2.293393155	7.84566584258341e-25			
NAPSA	1.270917758	0.739383081	2.184567092	0.385694046	DOWN	-1.767862021	1.92136713006329e-15			
MMP12	1.267913053	0.737132878	2.180886997	0.390997573	UP	1.807656453	8.67966412505576e-19			
TMPRSS4	1.266559116	0.736070915	2.179371526	0.393458973	DOWN	-2.492022029	1.76620935944406e-27			
ADARB2	1.265992425	0.737541586	2.173079932	0.392220565	DOWN	-2.163799906	2.44305903102246e-22			
OCSTAMP	1.265679565	0.734502461	2.180993048	0.396101959	UP	1.544269037	2.33407249025696e-13			
SLCO1C1	1.263921502	0.731561079	2.183683098	0.40116025	DOWN	-1.73943989	3.34381824358417e-15			
MC4R	1.260605043	0.733530446	2.166406429	0.401871983	UP	3.070168069	2.7971339612176e-50			
STMN4	1.259423239	0.732260554	2.166096327	0.404470343	DOWN	-1.536359572	5.78821110070827e-12			
LIX1	1.257676915	0.732579545	2.159152863	0.405722775	UP	2.116195625	3.70681828706932e-25			
IVL	1.256254824	0.729928065	2.162098238	0.410201015	DOWN	-1.624490766	3.00466913657983e-13			
ENSG00000229400	1.252950639	0.726118716	2.162022914	0.417851129	DOWN	-1.991321873	7.3469017139974e-18			
UNC13A	1.244333758	0.724956997	2.135804617	0.427739249	DOWN	-2.265220393	2.09059074513466e-24			
MAL	1.243405815	0.723283634	2.137554272	0.430651685	DOWN	-1.847882789	5.24391259407051e-17			
HCN1	1.242649046	0.721062612	2.141529218	0.434030632	UP	2.160437333	5.03898967317413e-26			
CYP2C9	1.239270293	0.718648192	2.137055207	0.440343434	DOWN	-1.829977378	5.39277772473295e-16			
PLEKHS1	1.239178889	0.716966086	2.141753073	0.442398899	DOWN	-1.956048956	1.3189648412311e-18			
GRHL2	1.237703879	0.718387925	2.132428508	0.442287139	DOWN	-1.849369211	1.02097452900098e-16			
TRIM54	1.234701562	0.719099507	2.119995819	0.444634665	DOWN	-2.042449211	2.66363880585427e-20			
ATP1A3	1.232623172	0.717149409	2.118609965	0.449146363	UP	2.062913966	6.82616557233876e-24			
ST6GALNAC1	1.232332523	0.716798666	2.118647145	0.449869833	DOWN	-1.715564336	1.29109422899829e-14			
PROZ	1.228650424	0.714092417	2.113986691	0.457043544	UP	2.102658707	5.49414405514754e-24			
AWAT2	1.227839732	0.713749965	2.112210832	0.458337947	UP	2.56375506	2.38533844663618e-33			
PIK3C2G	1.224174956	0.712091305	2.104511475	0.464363748	DOWN	-1.802782182	2.8165019691912e-16			
LCN2	1.220338193	0.707986223	2.103466502	0.473479619	DOWN	-4.149804925	6.15208616481127e-67			
CXCL5	1.22011694	0.709623557	2.097852209	0.471852374	UP	2.187725441	6.26225138926286e-27			
TNMD	1.218312577	0.7084448	2.095132232	0.475303917	DOWN	-1.977569629	2.89148405913329e-19			
KRT1	1.218105364	0.708745621	2.093530645	0.475199886	DOWN	-1.923064894	3.26890831857049e-18			
MYL4	1.217353241	0.700313095	2.116123377	0.485680814	DOWN	-1.564035206	1.26227639746966e-12			
PNMA5	1.215581077	0.707806726	2.087628305	0.479246662	DOWN	-2.573228042	6.24246816499168e-29			
PRR15L	1.213916525	0.706980239	2.084348684	0.482173523	DOWN	-3.263412761	1.47615098049778e-43			
TRPM1	1.211136106	0.704921058	2.080872249	0.487872254	UP	5.362906489	1.91999851729207e-129			
MYL2	1.208700299	0.703461261	2.076811466	0.492504604	DOWN	-4.444183376	2.36473264063776e-74			
ENSG00000282933	1.205256147	0.700235979	2.07450406	0.5004195	UP	1.904812295	5.09387253708438e-20			
ADCYAP1	1.202225539	0.698781684	2.068380269	0.505871286	DOWN	-2.597255371	5.15082267753204e-31			
COL9A1	1.20003185	0.699718265	2.058080393	0.507619666	DOWN	-1.679870505	2.34819432523318e-14			
ELF3	1.198062634	0.696496149	2.060821264	0.51376768	DOWN	-2.133578397	5.73417079206268e-22			
GPX2	1.197878321	0.689287229	2.081733725	0.521961083	DOWN	-2.46271522	6.53125732543902e-28			
KRT14	1.196763651	0.694551522	2.0621123	0.517618259	DOWN	-1.524713369	4.44640093534854e-12			
LINC01108	1.196298108	0.697629741	2.051416501	0.514801611	DOWN	-2.225385977	5.13160188316859e-23			
LINC02458	1.194197489	0.69340207	2.056682127	0.522260081	UP	1.728285547	3.67602334430633e-17			
FAM135B	1.193647881	0.694073185	2.052802635	0.522246521	DOWN	-2.490751554	1.03915295601464e-28			
ITGB8	1.190681221	0.691935861	2.048920789	0.528564783	DOWN	-2.882967153	4.52739249275303e-37			
ENSG00000285769	1.189614081	0.692162514	2.044580041	0.529756428	DOWN	-2.434137875	9.0500415863343e-26			
SMIM5	1.189198862	0.689861236	2.049968688	0.532836965	DOWN	-1.5924484	7.47184349043166e-13			
SLN	1.188615219	0.691163946	2.044096986	0.532206377	DOWN	-1.71437312	6.91137383628549e-15			
PRSS8	1.187587499	0.690420242	2.042761759	0.534420686	DOWN	-3.261778623	5.80704449404238e-45			
ENSG00000260918	1.187434269	0.69082028	2.041052043	0.534193443	DOWN	-1.974508029	6.89933694490313e-19			
PLEKHB1	1.187315295	0.682050636	2.066881158	0.543818153	DOWN	-3.080185641	2.23196300093695e-41			
PLEKHA6	1.186753354	0.691321837	2.037232804	0.534578766	DOWN	-1.58519322	5.8870572349386e-13			
TAC3	1.186050349	0.68951378	2.040155645	0.537518051	DOWN	-3.918001593	2.7666425655737e-61			
ENSG00000256915	1.184855655	0.688752035	2.038299491	0.539996305	UP	1.765266505	3.18702514857711e-16			
MYH6	1.183458433	0.689183338	2.032222464	0.541472191	DOWN	-2.650696269	8.47925647346659e-32			
LINC00968	1.178629804	0.68572694	2.025832928	0.552020871	UP	1.550468954	6.10661111969594e-14			
NETO1	1.176701198	0.68621815	2.01776317	0.554266868	UP	1.782808768	3.36996633819164e-18			
NCAN	1.17501806	0.683444752	2.020159548	0.559661909	DOWN	-2.585180818	1.59550207686573e-30			
ENSG00000256673	1.17436813	0.684912883	2.01359989	0.559050296	DOWN	-1.547580942	3.03587824735654e-12			
ENSG00000250420	1.17389699	0.683744921	2.015421394	0.560979989	UP	1.755771925	1.17712384357927e-17			
LRRC2	1.172933269	0.682166636	2.016768897	0.564062037	DOWN	-1.658058083	4.79429738526619e-14			
HNF4A	1.170279391	0.680902838	2.011379272	0.569316434	DOWN	-1.704874577	4.26791574779576e-14			
PRLR	1.168656009	0.680696642	2.006410468	0.571959914	DOWN	-1.9123552	3.72975240585787e-18			
PSG1	1.168338648	0.679004881	2.010317206	0.574199167	UP	4.215121464	1.476146889445e-87			
SOX3	1.165283867	0.677486917	2.004299206	0.580393484	DOWN	-3.409637883	1.13634203403454e-48			
KLK14	1.164118071	0.678528884	1.997219153	0.581102774	UP	1.988512271	2.13375892840199e-22			
KLK1	1.160268404	0.67596342	1.991561567	0.589699081	DOWN	-1.947761872	1.1014663175919e-18			
ENSG00000267453	1.157939544	0.674594608	1.98759962	0.594749741	DOWN	-1.608216051	1.45257670055057e-12			
CCN6	1.155837779	0.672867681	1.985473534	0.599826284	DOWN	-1.972012652	6.69657171278795e-19			
UNC5D	1.15583281	0.673055703	1.984901813	0.599645752	DOWN	-1.882898106	1.20918373672815e-17			
MUCL3	1.154333914	0.670071159	1.988575046	0.605018558	DOWN	-2.710102577	2.70752930130895e-32			
SLC5A1	1.150033613	0.667070945	1.982663645	0.614929822	DOWN	-1.935709675	1.31139282378306e-17			
LOC107986951	1.146442533	0.667377874	1.969394752	0.620561038	UP	2.066404073	3.44863177006928e-24			
SNCB	1.146304271	0.665064448	1.975768643	0.623021093	UP	1.987497612	2.57876653857737e-22			
MTCO3P12	1.145924037	0.666362881	1.970610814	0.622406096	UP	1.759711551	7.66045360781014e-18			
PPBP	1.143167471	0.664355107	1.967068294	0.628958676	UP	2.866847227	7.10757119387255e-44			
SLC26A3	1.142551808	0.665535576	1.961464844	0.62887688	DOWN	-3.205731808	8.3385060365038e-42			
STMN2	1.140865222	0.663537755	1.961566536	0.633645397	DOWN	-1.869895028	2.0272537217709e-17			
PIGR	1.136980462	0.662132848	1.952364358	0.641662434	DOWN	-5.068749028	1.69619009184419e-90			
SOX10	1.127386333	0.656809663	1.935111518	0.663577001	DOWN	-7.374754143	3.09935216217999e-150			
AGBL1	1.124498862	0.654054453	1.933321737	0.671282244	DOWN	-2.296404838	1.0825321179851e-24			
LMOD2	1.12367526	0.654228398	1.929977504	0.672647353	DOWN	-3.060604809	6.63619982608649e-41			
NRXN1	1.117981799	0.651649988	1.918028583	0.685508573	DOWN	-1.770121257	8.34968253737414e-16			
TMEM125	1.115952762	0.64936947	1.91778429	0.691279788	DOWN	-2.730023686	7.72470698571109e-32			
ENSG00000226954	1.112412905	0.648256822	1.90890775	0.699005901	UP	1.984353914	7.36279352758395e-21			
MUC19	1.111083979	0.647087109	1.907791995	0.702541272	UP	3.743904278	3.47245316480625e-69			
MYO1H	1.109952629	0.643876826	1.913401428	0.707324145	UP	1.991888387	4.6973901083134e-22			
VGLL2	1.109209042	0.643609606	1.911631971	0.708988366	UP	1.935550956	2.13359641827621e-21			
DPEP1	1.103781006	0.643795429	1.892421809	0.719612672	UP	1.711007925	7.16193591293057e-17			
RAX	1.101393112	0.640012565	1.895379641	0.727320475	DOWN	-1.876673459	4.45550823918361e-17			
KDF1	1.095526497	0.635932788	1.887272251	0.742329159	DOWN	-2.101901259	5.09387253708438e-20			
PTPRQ	1.092573824	0.635853872	1.877345745	0.748541909	UP	1.621406878	2.96867018052539e-15			
NPTX1	1.090344451	0.633887038	1.875493506	0.75461675	DOWN	-1.566322332	1.14434497811974e-12			
IL1RL1	1.090028822	0.635223621	1.870463868	0.754361509	UP	1.546668689	6.22129741886707e-14			
DLGAP1-AS5	1.089090775	0.633284606	1.872963127	0.757691358	UP	3.652209485	3.29333227075804e-64			
VGF	1.089035147	0.634187725	1.870104866	0.75719148	DOWN	-1.896914446	6.7706758491301e-18			
TGM4	1.088891652	0.634375399	1.869058969	0.75736895	UP	1.514309719	9.79511679901151e-13			
SLC34A2	1.086020476	0.633402987	1.862069646	0.764197208	DOWN	-4.080890817	1.88315979284033e-64			
TTN	1.0836278	0.630290562	1.863028384	0.771441104	DOWN	-1.842028574	5.54039921264353e-17			
GRHL3	1.076217917	0.625596927	1.851423745	0.790722426	DOWN	-1.920633414	4.53849200187588e-18			
ENSG00000287427	1.074415101	0.626365976	1.842960591	0.794314867	DOWN	-5.211210057	1.16398318847682e-91			
KRT6B	1.073050237	0.62497745	1.84236537	0.798224698	DOWN	-1.890477553	1.2333107850506e-17			
CUX2	1.071854987	0.624332188	1.840163196	0.801317621	DOWN	-1.849800094	4.78435940644924e-17			
TPSD1	1.069707121	0.621403874	1.841432558	0.807885112	DOWN	-1.966485457	5.63422722264025e-19			
TYRP1	1.06936676	0.623707064	1.833465315	0.80737763	UP	2.811665645	4.56925672066941e-43			
BARX2	1.068076581	0.622552646	1.832435522	0.811000492	DOWN	-3.393132234	1.99009237805424e-48			
CXCL8	1.067493873	0.621579331	1.833302865	0.812883941	UP	1.817941878	5.3850172815912e-19			
ARL14EPL	1.067166126	0.621083412	1.833640245	0.813913346	UP	1.787786859	3.19144532315042e-17			
FAM3D	1.06575048	0.618307936	1.836987719	0.818682734	DOWN	-3.034598958	6.85146555768228e-38			
AADAC	1.058421926	0.61455524	1.822874332	0.837802635	DOWN	-2.758327147	6.72280028484624e-34			
FAM9C	1.056904694	0.61579789	1.81398402	0.840847794	DOWN	-1.669868698	3.50216969293306e-14			
AZGP1	1.04891015	0.610707945	1.801536255	0.862625389	DOWN	-2.985220386	4.09739155830217e-39			
CLDN14	1.04356683	0.60812524	1.790801726	0.876998356	UP	1.600356016	8.50881200487423e-15			
TMOD4	1.043253896	0.607491013	1.791596367	0.878023235	DOWN	-1.946252168	1.3037923312343e-18			
MYBPC1	1.043177327	0.606450419	1.794407094	0.87859855	DOWN	-2.631283288	1.04892919013574e-31			
DBH-AS1	1.042993851	0.606168574	1.79460998	0.879163707	UP	1.514813378	2.26111219124378e-13			
FAM83A	1.0417618	0.60581161	1.791427616	0.882404058	UP	1.624503714	7.91700328817309e-15			
ENSG00000225106	1.0397893	0.605373927	1.785940458	0.88757297	UP	1.519278328	2.12193099808615e-13			
IL36B	1.039657411	0.605458965	1.785236647	0.887881017	UP	1.560853837	4.9481686114205e-14			
NEB	1.037212612	0.602581836	1.785334272	0.895092067	DOWN	-2.104407783	1.6393554457939e-21			
GJB1	1.034350019	0.599651478	1.78416964	0.903360456	DOWN	-2.058308521	3.30118544480891e-19			
PNLIPRP3	1.032324131	0.601666217	1.771236412	0.908052757	DOWN	-1.80398685	5.20033600107793e-16			
XIRP2	1.031621434	0.601235035	1.770094423	0.91001833	DOWN	-1.796535694	3.20626478373624e-16			
C1orf210	1.030649041	0.600106552	1.770081401	0.912883329	DOWN	-2.476429988	1.70692484750628e-25			
SFTPD	1.027386983	0.593639866	1.778054461	0.923086897	DOWN	-1.774030133	1.23560235325951e-15			
NRAP	1.025978733	0.597130607	1.762817628	0.926007105	DOWN	-2.490213576	7.95461238508506e-29			
ATP6V0A4	1.02529477	0.596951931	1.760995001	0.927876887	DOWN	-2.28860072	1.01452768562447e-21			
SCTR	1.020692809	0.594976992	1.751015292	0.940709053	DOWN	-1.761052478	2.3901304205258e-15			
APOBEC2	1.020635093	0.593494427	1.755190861	0.941137895	DOWN	-1.899810277	8.27044416959438e-18			
CALB1	1.020580985	0.594406866	1.752310758	0.941118111	UP	1.949785189	1.29944160953537e-21			
MYH7	1.017566274	0.591017614	1.751963221	0.949911601	DOWN	-4.452482417	1.33241780206598e-74			
FAT2	1.016967956	0.592417908	1.745767319	0.95133695	DOWN	-1.527396229	4.18778952147997e-12			
CTXND1	1.014098081	0.588818598	1.746539464	0.959745776	DOWN	-1.844912004	5.96067403920945e-17			
PLP1	1.012983867	0.590823275	1.73679061	0.962595115	DOWN	-1.741751545	2.35650278817861e-15			
C1orf116	1.010621378	0.58894949	1.734198923	0.969409366	DOWN	-2.281566071	3.93619603138139e-24			
NR5A1	1.00826251	0.58665431	1.732865969	0.976241945	UP	1.561423197	4.29441517618819e-14			
KRT78	1.007924248	0.587314487	1.729756905	0.977148888	UP	2.590021121	4.08583667975475e-35			
DMRT1	1.006328055	0.584682279	1.732045231	0.981834194	DOWN	-1.692467034	2.49955670621638e-14			
CALCB	1.005807149	0.586184678	1.725817916	0.983229764	DOWN	-2.104182135	1.94967993851394e-21			
ENSG00000244675	1.002306086	0.583632451	1.721318766	0.993339115	UP	1.623106299	1.20264585045091e-14			
SHH	0.999095272	0.581919563	1.715342509	0.997381264	DOWN	-5.117645273	1.61822950440365e-91			
LOC100506474	0.998701315	0.576277212	1.730771747	0.996304144	DOWN	-1.516398439	8.82077260122945e-12			
ENSG00000275830	0.994665846	0.578868423	1.709127853	0.984550158	DOWN	-1.904874798	9.56742464979504e-17			
HPN-AS1	0.99426683	0.575564827	1.717558965	0.983552957	DOWN	-2.871894701	2.91669036512575e-33			
MYL11	0.993506504	0.576902112	1.710957807	0.981259257	DOWN	-1.977231774	3.11756792906371e-19			
LINC02594	0.993375228	0.577383595	1.70907929	0.980845148	DOWN	-1.642851244	1.56115782971236e-13			
PROSER2-AS1	0.991667002	0.577370193	1.70324595	0.975810955	DOWN	-1.658645387	7.46536523078539e-14			
LINC01798	0.990830732	0.57620712	1.70380668	0.973430667	DOWN	-1.575935889	1.04004640220161e-12			
TNNC2	0.989609333	0.576482159	1.698797815	0.969779201	DOWN	-1.647909985	6.83240924723413e-14			
ENSG00000258754	0.98952417	0.575996089	1.69993877	0.969572952	DOWN	-1.960452046	7.01488606535013e-19			
RAMP1	0.989153512	0.576282062	1.697822531	0.968440262	DOWN	-1.601513856	3.301957427184e-13			
KCNQ2	0.986208003	0.574411378	1.693222423	0.959836544	DOWN	-2.170855037	1.13812271812106e-22			
FXYD3	0.98525698	0.574375136	1.690065004	0.956977327	DOWN	-2.052318428	9.25820181233972e-20			
SLC45A2	0.9848387	0.571681081	1.696588004	0.956096195	UP	3.479509432	1.47355782474435e-62			
TNNI3	0.984812783	0.572807522	1.693162505	0.955858921	UP	3.776947862	2.98918263241849e-72			
MYT1	0.984153148	0.570130488	1.698834631	0.954266845	UP	1.87806496	5.85367127597645e-20			
RELN	0.983186893	0.572957626	1.687134305	0.950925586	DOWN	-1.54157023	2.60650973585769e-12			
ITLN1	0.981773132	0.572266424	1.684317725	0.946744004	UP	3.091815947	4.71750936518515e-51			
FREM3	0.980241537	0.570515695	1.684219174	0.942391695	DOWN	-2.310039981	1.97854491839374e-24			
FBP2	0.975642802	0.568764442	1.673590695	0.92863545	DOWN	-2.171467393	4.17440057885036e-21			
LEP	0.974352263	0.564458558	1.681899086	0.92567761	UP	1.598154388	1.69113519532065e-14			
OR52K3P	0.974192569	0.567270609	1.673013103	0.924502269	DOWN	-5.262986807	9.62154745236628e-96			
HOXD12	0.97373918	0.563911418	1.681413003	0.923929854	DOWN	-2.267545218	2.97708328750666e-24			
BPIFB4	0.972814445	0.565941266	1.672201694	0.920564071	DOWN	-3.365687742	5.891419767172e-48			
GABRA2	0.970855627	0.565460643	1.666889922	0.914593222	DOWN	-1.854110741	5.2167548742399e-17			
AMHR2	0.968453368	0.562279468	1.668035167	0.908006493	UP	3.508233022	1.0327825835892e-63			
B3GNT3	0.964028824	0.561653919	1.654669436	0.894266304	DOWN	-1.619696851	2.67541983125832e-13			
PTGS2	0.961993418	0.56031343	1.651631544	0.888261731	UP	1.835124898	2.45308998042453e-19			
EDN2	0.960534404	0.558564311	1.651781764	0.884257251	DOWN	-1.755952798	2.57557342594782e-15			
TUBBP9	0.960296075	0.555474388	1.660145943	0.884668353	DOWN	-1.688570374	1.55487241006669e-13			
ENSG00000283422	0.957460314	0.553393768	1.656560492	0.876492929	DOWN	-3.065014438	4.39503473680597e-38			
CLDN9	0.957326216	0.557673965	1.643385818	0.874314308	DOWN	-2.504417498	5.83713722963747e-29			
ENSG00000234810	0.95503121	0.556604371	1.638658729	0.867342513	UP	1.538758793	1.19541836855619e-13			
LOC105378644	0.953023519	0.55550502	1.635005614	0.861302813	UP	3.249282719	7.97009080233207e-52			
RBFOX3	0.951935925	0.554170024	1.635205743	0.858374078	DOWN	-1.775846916	6.93580302359653e-16			
LINC02668	0.951616427	0.551212702	1.642875467	0.858714903	DOWN	-1.506500341	8.28444153283672e-11			
ELAVL4	0.950121099	0.551109237	1.638023899	0.853917809	DOWN	-1.564283141	1.8120234287981e-12			
MAG	0.949668482	0.548642488	1.643821333	0.853638061	DOWN	-2.172817768	9.33651628537632e-23			
GIRGL	0.947418882	0.548309612	1.637035934	0.84651009	DOWN	-2.255000913	8.2678910626163e-24			
ESRP2	0.946854573	0.550749017	1.62784418	0.843415237	DOWN	-2.232781943	1.96070858399234e-23			
EVX1	0.945338222	0.550838239	1.622371669	0.838362512	DOWN	-1.933513584	6.32218865963284e-18			
LINC00261	0.944516788	0.550472349	1.620629925	0.835836738	UP	1.946510452	1.97220119971489e-21			
PNLDC1	0.944509616	0.550299791	1.621113491	0.835906872	DOWN	-3.571391259	6.43819183102884e-52			
HJV	0.942107352	0.548605141	1.61785991	0.828865787	DOWN	-2.458508036	6.22753627609619e-28			
MYOZ1	0.941802944	0.544446837	1.629163264	0.830205009	DOWN	-2.257221792	2.78275070497761e-24			
PSG4	0.940829202	0.548010719	1.615223129	0.824945163	UP	2.365215067	4.07835488489044e-31			
ENSG00000253706	0.940244927	0.545983869	1.619206303	0.824178365	DOWN	-1.950051542	6.15880855216563e-18			
PGC	0.937289123	0.544359784	1.613842403	0.815295248	DOWN	-8.676645494	3.34114959357399e-189			
CLDN2	0.934910304	0.542587687	1.610905109	0.808435055	DOWN	-1.642200889	1.34322179275585e-13			
THBS4	0.933861758	0.54446039	1.601765342	0.803689957	DOWN	-2.120308734	8.35089877936286e-22			
MB	0.932842982	0.543121089	1.602213662	0.801118838	DOWN	-2.796024562	3.45236770679229e-35			
SPX	0.929727367	0.539929084	1.600937981	0.792717505	DOWN	-2.148087619	2.89546462705732e-22			
ENSG00000262732	0.928958286	0.541166535	1.594635739	0.789237397	UP	2.175603698	5.08009019523954e-24			
CCDC68	0.926927152	0.539928931	1.591309329	0.783170734	UP	1.753143029	1.42131971932938e-17			
ZCCHC12	0.926638627	0.539795241	1.5907127	0.782278492	DOWN	-4.023823942	8.85731495627303e-64			
PPP1R1A	0.926251028	0.539518157	1.590198505	0.781150863	DOWN	-1.915850818	3.31173774955706e-18			
LINC01736	0.925268181	0.535354116	1.599168064	0.780837681	DOWN	-2.041861717	4.71111742596016e-19			
PCDHGA5	0.924554572	0.537380862	1.590680313	0.776910357	DOWN	-1.63478369	1.17454120439522e-13			
LINC02957	0.923254036	0.534356772	1.595185201	0.774726359	UP	1.559033488	6.54525312250719e-14			
UTF1	0.923164024	0.536949656	1.587172664	0.772459873	UP	1.555067743	3.63998391049041e-13			
NR2E1	0.921234014	0.534007296	1.589251896	0.768087851	DOWN	-2.141168521	6.1477118205632e-22			
TNNC1	0.912411758	0.531856154	1.56526386	0.739229743	DOWN	-2.80848325	2.05025241342346e-35			
SBSN	0.912013972	0.530536952	1.567788036	0.738988487	UP	2.166727694	1.76145250529108e-26			
ARHGAP36	0.911100367	0.530025943	1.566157069	0.736235248	DOWN	-5.406948494	2.14116233861805e-99			
ENSG00000288107	0.910741288	0.530439568	1.563702527	0.734606686	DOWN	-1.509600423	1.0995644076856e-11			
C12orf50	0.910687431	0.529477359	1.566358945	0.73527294	UP	2.402678754	2.05577333198003e-29			
PSG9	0.907452122	0.52719613	1.561979132	0.725969739	UP	2.424872446	2.49460265992293e-32			
PSG5	0.907388167	0.527775782	1.560043705	0.725211083	UP	2.270183156	8.79212256934647e-29			
GABRA5	0.905127157	0.527162911	1.55408348	0.717788815	UP	1.824032268	6.69657171278795e-19			
ACP3	0.902256138	0.524087487	1.553301994	0.710563885	DOWN	-1.586121527	6.8325630596869e-13			
CLCA2	0.902071114	0.523855319	1.553353122	0.710134107	DOWN	-1.822107109	1.30024638824812e-16			
PRSS2	0.901153098	0.524645253	1.547859057	0.706099342	DOWN	-3.476650346	2.42599019504397e-50			
KCNJ6	0.89904947	0.52149436	1.549949552	0.701751147	DOWN	-1.626305547	1.65362041017844e-13			
GJA3	0.895285088	0.521897909	1.535808775	0.687888287	DOWN	-1.623261684	1.75566571755195e-13			
S100B	0.892540752	0.520483715	1.530555079	0.679500262	DOWN	-4.480787487	2.62272999028267e-75			
HAND1	0.890158808	0.517417552	1.531418291	0.674241064	DOWN	-1.998480332	1.70004295815698e-19			
SPATA8	0.888170807	0.516392168	1.527612986	0.668206633	UP	1.517461459	1.35915732699533e-12			
LINC00567	0.885534131	0.515933823	1.519905581	0.659175612	DOWN	-1.991559407	1.21327716821897e-17			
ALK	0.882333442	0.513381486	1.516440161	0.650500822	DOWN	-2.611519267	2.69040185570882e-31			
SLC36A2	0.882292569	0.512254427	1.519635822	0.651671925	DOWN	-1.695609545	1.50180004616928e-13			
FA2H	0.881850354	0.513833995	1.513446084	0.648208561	DOWN	-2.576318546	5.07161476690249e-29			
EPHA8	0.879520772	0.512882103	1.508254595	0.640833166	DOWN	-2.977732035	9.41863630843331e-39			
L1CAM	0.87921734	0.511150375	1.512320383	0.641810668	DOWN	-1.611704119	2.35472176291886e-13			
UGT8	0.877660234	0.511150249	1.506968818	0.636127328	DOWN	-1.577614575	8.0448189270857e-13			
IL36RN	0.876835589	0.509882974	1.50787669	0.634663782	UP	1.697715154	1.78785012785994e-16			
OPRK1	0.87459479	0.507118194	1.508358516	0.629901629	DOWN	-1.860702814	3.98016465089716e-17			
ENSG00000230552	0.873217052	0.504712681	1.510776426	0.627883359	DOWN	-1.54037538	1.70858980240795e-11			
SYT8	0.873048358	0.50717113	1.502872284	0.624194621	DOWN	-2.359219829	8.5114254880858e-26			
SERTM2	0.869270006	0.50639118	1.492187014	0.611324912	DOWN	-1.922248578	2.50315049960698e-18			
MIR2052HG	0.86835736	0.50383448	1.496611553	0.611298604	DOWN	-2.878434724	4.12908151606793e-35			
VSIG1	0.865472859	0.502601673	1.490331828	0.602338466	DOWN	-2.477446558	2.20827916418957e-28			
LBX1	0.864051291	0.502454105	1.485876275	0.597303967	DOWN	-1.577188137	9.37841476970797e-13			
CLDN3	0.862727467	0.502366178	1.48158597	0.592535308	DOWN	-2.932010191	7.07954634799229e-38			
PIWIL3	0.862552461	0.502468098	1.480684547	0.591748927	DOWN	-2.074881921	3.60821580502833e-20			
SEMA3B	0.861637725	0.501611857	1.480067821	0.58953604	DOWN	-1.708043275	8.02433776558222e-15			
ACTA1	0.860597345	0.50051313	1.479736987	0.587200446	DOWN	-1.869054198	1.94159535652927e-17			
HEPACAM	0.859943014	0.500250021	1.478264779	0.585145391	DOWN	-1.798407328	3.54816275100963e-14			
FGFBP2	0.85871434	0.497470255	1.482280217	0.584464215	UP	2.700425306	7.36406536087037e-40			
KCNMA1-AS1	0.854436938	0.495610108	1.473058094	0.571327253	DOWN	-2.499995147	8.51937917125951e-28			
AGR2	0.853099741	0.496299343	1.466411707	0.565390123	DOWN	-4.532390675	1.40155316995832e-76			
ANXA10	0.851953124	0.494889249	1.46663951	0.563183751	DOWN	-2.838630356	7.12436591900974e-36			
TMC5	0.851558466	0.492473711	1.472468084	0.565222888	DOWN	-1.682819587	3.76578972693827e-14			
CCDC140	0.851090949	0.492665741	1.470278415	0.563225087	DOWN	-1.637968415	2.15112072759347e-13			
TUNAR	0.845003306	0.490431871	1.455922073	0.544038845	DOWN	-2.324567952	2.29288769550417e-25			
ACTN3	0.843000247	0.491046835	1.447213106	0.535655998	DOWN	-3.225351847	2.69892913275736e-44			
CYTL1	0.842657941	0.486846631	1.458513542	0.540798425	DOWN	-1.522927342	4.76464753025772e-12			
SUCNR1	0.84240866	0.484945934	1.463363854	0.542755463	UP	2.055222333	6.32667851705731e-24			
PRL	0.841823856	0.490509261	1.444758459	0.532097147	DOWN	-2.30450489	3.24686732480024e-25			
RERGL	0.841641214	0.490046195	1.44549624	0.532132678	DOWN	-1.792921761	3.83828381954595e-16			
TNNT1	0.837359501	0.482171048	1.454195427	0.528498142	DOWN	-1.541663738	2.5223670625149e-12			
RHBG	0.836342567	0.486213434	1.438604612	0.518405313	UP	2.834972931	4.23100037391838e-43			
COL28A1	0.833691237	0.485114111	1.432737296	0.510290228	DOWN	-2.06087247	1.20655935429564e-20			
GRIK3	0.832054588	0.481171391	1.438811305	0.510557238	DOWN	-2.070218298	6.95573253632113e-21			
ITGB6	0.828308873	0.48288421	1.42082838	0.493853405	DOWN	-3.025540122	6.45016919431063e-40			
MYL10	0.82414678	0.477391237	1.422769968	0.487524286	DOWN	-2.002701586	9.78580165191893e-18			
ATP2A1	0.823914029	0.478362487	1.419079349	0.485035899	DOWN	-2.577226178	1.32865340465963e-30			
DCX	0.822741419	0.478396017	1.414943725	0.480624423	DOWN	-1.76059716	1.17713466408189e-15			
ELF5	0.820731087	0.47795485	1.409337132	0.473895778	DOWN	-2.262738138	1.46806237872605e-22			
SLC28A3	0.819600936	0.473433414	1.418881038	0.477412311	UP	1.528586881	1.6883802164955e-13			
PSCA	0.815730833	0.471820181	1.410318631	0.465923619	DOWN	-2.574446984	1.65888189904073e-30			
SLC1A7	0.815059098	0.473021132	1.404422103	0.46136233	UP	1.856111358	9.80282209363161e-20			
LINC01393	0.81096838	0.47271824	1.391250978	0.44673492	DOWN	-1.613135654	5.42324735357372e-13			
SLC4A1	0.810959282	0.472157151	1.392873022	0.447699743	UP	1.58444641	2.87215511691524e-14			
INHA	0.810490988	0.471120842	1.394325153	0.44780733	UP	1.868621383	7.59516135860489e-20			
LOC124907763	0.806471451	0.463667352	1.402721584	0.446281634	UP	2.422312606	5.08432312268098e-31			
LINC00486	0.803455419	0.467927191	1.379574906	0.427559075	UP	1.657943837	1.73682314943336e-15			
C7	0.801924593	0.467270151	1.376255367	0.423112238	UP	1.580580404	1.52177740106289e-14			
SNTG2	0.79763472	0.463554942	1.372482719	0.414192005	UP	1.606153815	8.27764785509128e-15			
COL22A1	0.796865605	0.463017369	1.371427587	0.412371604	DOWN	-1.950537485	8.35053342832545e-19			
MIR133A1HG	0.793889722	0.460650059	1.36819887	0.405908776	DOWN	-1.684804207	2.52514240758106e-14			
MYL3	0.793540996	0.461463301	1.364588063	0.403109259	DOWN	-1.919151884	3.11144440763959e-18			
CCDC38	0.790886206	0.457268703	1.367906848	0.401329915	UP	1.582316632	5.630173408485e-14			
ENSG00000225156	0.790536847	0.458106419	1.364199408	0.39848471	UP	2.219925299	5.75518034127725e-27			
ENSG00000226571	0.788509746	0.45794012	1.357705064	0.391435916	UP	2.300995198	4.07078029823001e-29			
XKR4	0.78768506	0.45789147	1.355010512	0.388532145	DOWN	-2.852377334	2.3111035474183e-35			
MYADML2	0.787683371	0.457865285	1.355082189	0.388576013	DOWN	-1.657866362	2.60083264664573e-13			
TDRD1	0.787609695	0.456826359	1.35790989	0.390290028	DOWN	-2.269211886	6.86790367545778e-24			
GPR22	0.786846196	0.457211261	1.354137551	0.386786121	DOWN	-2.773350651	1.128716174709e-31			
CCL18	0.7867612	0.455373861	1.359307678	0.389984663	UP	2.199448589	3.01571346867817e-27			
PRSS22	0.784184454	0.456205653	1.347956242	0.379067021	DOWN	-2.189821458	5.42610089631382e-22			
B3GALT1-AS1	0.783437551	0.456465041	1.344625199	0.375859287	DOWN	-1.923853022	2.31374980660187e-16			
MYBPHL	0.783211157	0.454813533	1.348727936	0.378231777	DOWN	-2.000586563	2.125565936099e-18			
TBR1	0.78271602	0.455010253	1.346440797	0.376062998	DOWN	-2.460724593	6.19418409696421e-27			
CLDN6	0.781244048	0.454543099	1.342759937	0.37165194	DOWN	-1.927378765	1.30896581791322e-17			
LINC02815	0.78041871	0.454145608	1.34109711	0.369446692	UP	1.568483139	1.11766787814573e-13			
THBS4-AS1	0.780179765	0.454004242	1.340693345	0.368860241	DOWN	-1.552806498	1.88291148425594e-12			
CHRM2	0.777838063	0.453324733	1.334654848	0.361751434	DOWN	-1.751223172	1.6808602461989e-15			
GFRA3	0.776422618	0.446827255	1.349139012	0.369361406	DOWN	-2.940114342	2.99514338767311e-38			
KLK10	0.774139846	0.447300691	1.339797842	0.360326593	DOWN	-1.830312468	1.55283774532362e-16			
SHISA9	0.770489546	0.445835594	1.331553938	0.350255803	DOWN	-2.387302041	1.3845347504746e-26			
SHISA6	0.7663152	0.446366307	1.315598817	0.334424723	UP	1.545351786	6.44263704646135e-14			
CHAD	0.765740346	0.444577169	1.318912256	0.335975668	DOWN	-1.929111099	2.33092654835636e-18			
ERBB3	0.765607835	0.445583941	1.315476845	0.333492923	DOWN	-2.117562107	9.803451308765e-22			
IL12A-AS1	0.764465472	0.444821228	1.313802988	0.330993815	DOWN	-1.832603706	1.3069728856148e-16			
PTGDS	0.761223194	0.439658783	1.317978336	0.329985249	UP	3.88868312	2.1268308450015e-76			
TNNI1	0.760723967	0.440876918	1.312613409	0.325797901	DOWN	-2.619988313	1.76227282198143e-31			
FAM83E	0.757904075	0.440099246	1.305202389	0.317539898	DOWN	-2.573102173	7.89940699971752e-28			
LINC02048	0.757747456	0.438260835	1.310135796	0.320709169	DOWN	-1.514930269	9.17661965779242e-12			
TMPRSS15	0.757654307	0.441251209	1.300937054	0.314336876	DOWN	-2.562171198	6.38831781207823e-30			
MLIP	0.754920582	0.439427156	1.296927322	0.308547569	DOWN	-1.553103718	2.0848915188911e-12			
ENSG00000215559	0.753499294	0.43621879	1.301551423	0.310157984	DOWN	-1.579436328	2.69230524435715e-12			
AATK	0.752242552	0.43472309	1.30167656	0.308873025	DOWN	-1.702578579	1.00403429071175e-14			
SFTPB	0.74751397	0.433714877	1.288351321	0.294758123	DOWN	-5.005607937	3.3409608777417e-88			
CAPN13	0.744910083	0.432915416	1.281753922	0.287547498	DOWN	-2.269713211	1.91885405819707e-22			
CPA6	0.742314929	0.429446848	1.283119101	0.285897321	DOWN	-2.230814178	1.07473506131694e-23			
GRIA2	0.740286656	0.429354797	1.276390378	0.279275075	DOWN	-2.41082945	2.99888698783815e-27			
SOX21	0.737316129	0.423933665	1.282358821	0.28049505	DOWN	-2.982808079	1.03334601178866e-37			
COL25A1	0.735161622	0.42665396	1.266746968	0.267758317	DOWN	-1.641760318	8.37571639476318e-14			
CYP26A1	0.733986005	0.42413436	1.27019998	0.269062383	DOWN	-2.396458057	1.25238789024679e-26			
ALDH3B2	0.731835984	0.424976759	1.260266345	0.260249004	DOWN	-1.777599904	2.27967122391625e-14			
PROX1-AS1	0.725176234	0.421159385	1.248649773	0.246447591	DOWN	-1.589954281	2.22968299809637e-12			
GFAP	0.725059858	0.419126325	1.254303932	0.250266847	DOWN	-2.601126137	4.59422088235484e-31			
OTP	0.723681629	0.418382542	1.25176136	0.247365361	DOWN	-2.048870855	1.25217691577778e-19			
ENSG00000287414	0.72233541	0.418592165	1.24648402	0.242616807	DOWN	-2.36658988	4.99147806771047e-23			
SLC15A1	0.719968242	0.418654821	1.238142364	0.234937989	DOWN	-1.979835047	1.77077272289628e-18			
COL6A5	0.715239668	0.412733904	1.239461495	0.23220845	DOWN	-1.637018741	5.91725531183792e-13			
AFAP1-AS1	0.711261371	0.412524375	1.226334171	0.220245131	DOWN	-1.554199878	2.38584538782817e-12			
ATP4B	0.709997199	0.411916872	1.223780953	0.217587725	DOWN	-2.385520951	1.72038146111716e-23			
LINC03053	0.70967217	0.412444063	1.221097923	0.21550562	DOWN	-2.163218377	3.58864772739829e-21			
CHGA	0.709444985	0.410947563	1.224760122	0.217875178	DOWN	-1.733343877	4.20591596739133e-15			
NRG3	0.707247837	0.411107514	1.21671214	0.210813246	DOWN	-1.573976385	1.40712397024758e-12			
TCAP	0.705632104	0.40926044	1.216625447	0.209670755	DOWN	-2.940378775	2.64725740708779e-38			
SPATA3-AS1	0.702374773	0.407026882	1.212033758	0.204388105	DOWN	-2.660780882	6.24564369766952e-30			
CACNA1S	0.702048485	0.407149436	1.21054343	0.203158679	DOWN	-2.069782408	8.65203753476897e-21			
RPL3L	0.700864256	0.405109422	1.212538338	0.203764933	DOWN	-2.265253343	3.08898450640715e-24			
SFTPA2	0.697588479	0.404931839	1.201757036	0.194389783	DOWN	-4.554284203	5.64924579187943e-73			
SHISA2	0.69027858	0.397378945	1.199068353	0.188308624	DOWN	-1.68032252	2.18911684706437e-14			
ADGRD2	0.689820299	0.400785238	1.187299333	0.180152733	DOWN	-2.627240381	4.88596713258635e-31			
LEFTY1	0.689717513	0.40160038	1.18453635	0.178228515	UP	3.151253728	1.98867650072466e-52			
CR2	0.687918474	0.397808743	1.189596344	0.180675263	UP	2.340440996	1.42402866117677e-30			
UGT2B7	0.686271918	0.39915741	1.179908308	0.173315865	DOWN	-1.930159726	3.06545156517426e-18			
PLCH2	0.677549952	0.392623158	1.169248243	0.162022747	UP	1.856913555	9.31836205272059e-20			
SPDEF	0.675011151	0.392416538	1.161113281	0.155553286	DOWN	-1.861495242	8.39214287777526e-17			
EDN3	0.674417907	0.389846279	1.166715029	0.158958785	DOWN	-1.565778833	1.13992651583935e-12			
CHGB	0.668858469	0.38513891	1.161585185	0.153264269	DOWN	-2.377018344	1.35450725196211e-26			
ENSG00000159247	0.667510592	0.384238141	1.15962041	0.151453615	DOWN	-1.575240334	1.28069422530675e-12			
BNIPL	0.663887391	0.385799234	1.142424425	0.139095725	DOWN	-2.29327439	7.6430847185261e-25			
KRT24	0.663387228	0.38505111	1.142919999	0.139232893	UP	2.207030555	1.23664759586881e-26			
ASB15	0.662121747	0.384104268	1.141370309	0.137802076	DOWN	-1.983152681	1.37514695686992e-17			
ENSG00000236333	0.660793997	0.382996299	1.140085969	0.13652928	DOWN	-1.545083842	2.38722595659627e-12			
SOX2-OT	0.659958124	0.382703695	1.138072956	0.134976123	DOWN	-1.776894344	8.22264726910176e-16			
CKM	0.655440238	0.379268546	1.132711665	0.130150893	DOWN	-2.757092769	2.32269758373777e-34			
GAS2	0.651138607	0.376239344	1.126893006	0.125256644	DOWN	-2.30444384	3.42047031338565e-25			
ST8SIA6-AS1	0.647739423	0.376914982	1.113159147	0.115968435	DOWN	-1.585806484	1.16292658994306e-12			
CCDC187	0.646210301	0.373518043	1.117985495	0.118479024	DOWN	-1.632202632	5.21384458744945e-13			
AP1M2	0.632266892	0.36246612	1.10289321	0.106319089	DOWN	-4.870222205	4.98040644975657e-85			
ODAM	0.631685387	0.366131976	1.089843154	0.098781605	DOWN	-2.073963281	9.50746461684973e-21			
CLDN18	0.628510214	0.36163252	1.092338402	0.099603726	DOWN	-3.578016447	6.94988572387026e-53			
GPM6B	0.621059401	0.355802064	1.084071225	0.09374966	DOWN	-1.708825834	7.84135530211203e-15			
CAPN9	0.619636334	0.358289113	1.071618344	0.086808513	DOWN	-1.613190179	8.46625981725109e-13			
COMP	0.617586871	0.355917857	1.071633624	0.086543055	DOWN	-1.517342744	5.63645933739453e-12			
TNNI2	0.596476164	0.343769702	1.034948144	0.066093694	DOWN	-1.601656336	3.42969486467336e-13			
ENSG00000227128	0.596091053	0.343872122	1.033304304	0.065293763	DOWN	-1.954055381	1.23277091841403e-18			
PROKR1	0.594110516	0.343565551	1.027365243	0.062413009	DOWN	-1.701134297	2.30982393699063e-14			
MS4A15	0.587581523	0.339368042	1.017338123	0.057618609	DOWN	-2.240224339	4.60116020567159e-23			
FMR1NB	0.580341003	0.335510134	1.003831613	0.05162049	DOWN	-2.210314691	2.35749620874797e-22			
ADAMTS19	0.576220666	0.332745045	0.99785184	0.049109508	DOWN	-2.164986032	1.48660004231094e-22			
TPH2	0.571286072	0.329042318	0.99187174	0.046705821	DOWN	-2.721660516	1.3696629864049e-31			
TDRD12	0.56681211	0.324757733	0.989278885	0.045727883	DOWN	-2.529310319	1.37375038873078e-29			
ENSG00000258952	0.55751888	0.320705065	0.969199852	0.038372943	DOWN	-1.865806806	1.3069728856148e-16			
DUOXA2	0.544492587	0.31322763	0.946507105	0.03117423	UP	1.794592118	1.6542707274004e-18			
RAB25	0.542693149	0.311099431	0.946693646	0.031325036	DOWN	-3.683641466	7.3872579322546e-54			
SOX21-AS1	0.542182894	0.310610481	0.946401713	0.031257016	DOWN	-1.736349938	9.78299446624145e-15			
SLC7A14-AS1	0.525876684	0.302319672	0.914747904	0.022879085	UP	2.78077227	3.0376392963036e-41			
BICDL2	0.52358958	0.302231417	0.907073298	0.021008431	DOWN	-1.537279516	8.77699192448243e-12			
CTSV	0.511948809	0.294132466	0.891066489	0.017891203	DOWN	-2.408000999	3.25961210887953e-27			
CDHR1	0.499745537	0.282298765	0.884685421	0.017292535	UP	1.592163509	1.21850323226392e-14			
ZFHX4-AS1	0.474313681	0.270242793	0.832486466	0.009356939	DOWN	-1.671203363	3.30856862451577e-14			
MYH2	0.466479322	0.268922059	0.809167383	0.006658398	DOWN	-2.681377075	9.42181298050355e-33			
EPCAM	0.431507104	0.245588533	0.75817213	0.003470455	DOWN	-1.649648471	6.72186080888018e-14			
KRT15	0.425529938	0.242865459	0.74558041	0.002826511	DOWN	-1.720508074	6.43927256437125e-15			
